stat,value
count,6837.0
mean,0.03748629674218022
std,0.29698634576612853
min,-0.6396039772746596
25%,-0.15465688009756173
50%,-0.029468323103398197
75%,0.17840885552928754
max,3.880641646636234
