strategy,n_bets,final_bankroll,ROI,max_drawdown,avg_gain_per_bet
LogReg R1 (EV>0),2407,-85.62000000000016,-1.8562000000000018,-1.9185358986391379,-0.07711674283340257
LogReg R2 (EV>0.05),1525,5.189999999999854,-0.9481000000000015,-1.0322057064753132,-0.06217049180327869
"LogReg R3 (favorite, EV>0)",973,68.18999999999998,-0.31810000000000016,-0.43313716613852415,-0.03269270298047277
