stat,value
count,6837.0
mean,-0.05812536952947397
std,0.16242288992409867
min,-0.8122355226927396
25%,-0.14613808027432018
50%,-0.04850228265960854
75%,0.038637284385723225
max,0.7557902655793207
